{"cameraMode":{"drawMode":0,"name":"Shaded","section":"Shading Mode"},"sceneLighting":true,"audioPlay":false,"sceneViewState":{"m_AlwaysRefresh":false,"showFog":true,"showSkybox":true,"showFlares":true,"showImageEffects":true,"showParticleSystems":true,"showVisualEffectGraphs":true,"m_FxEnabled":true},"in2DMode":false,"pivot":{"x":2.38377046585083,"y":0.6291193962097168,"z":-3.134150981903076},"rotation":{"x":0.15109415352344514,"y":0.04150019958615303,"z":-0.0063490490429103378,"w":0.9876306056976318},"size":0.8633397221565247,"orthographic":false}