{"cameraMode":{"drawMode":0,"name":"Shaded","section":"Shading Mode"},"sceneLighting":true,"audioPlay":false,"sceneViewState":{"m_AlwaysRefresh":false,"showFog":true,"showSkybox":true,"showFlares":true,"showImageEffects":true,"showParticleSystems":true,"showVisualEffectGraphs":true,"m_FxEnabled":true},"in2DMode":false,"pivot":{"x":0.8776894807815552,"y":0.2735258638858795,"z":-1.7982399463653565},"rotation":{"x":0.18133807182312013,"y":0.10011295229196549,"z":-0.018560172989964486,"w":0.9781396389007568},"size":2.7794744968414308,"orthographic":false}